pincode,district,psu_branch_count
413201,AHILYANAGAR,5
413204,AHILYANAGAR,2
413205,AHILYANAGAR,1
413701,AHILYANAGAR,9
413702,AHILYANAGAR,4
413704,AHILYANAGAR,2
413705,AHILYANAGAR,6
413706,AHILYANAGAR,3
413707,AHILYANAGAR,1
413708,AHILYANAGAR,1
413709,AHILYANAGAR,10
413710,AHILYANAGAR,2
413711,AHILYANAGAR,1
413712,AHILYANAGAR,1
413714,AHILYANAGAR,3
413715,AHILYANAGAR,2
413716,AHILYANAGAR,2
413719,AHILYANAGAR,2
413721,AHILYANAGAR,1
413722,AHILYANAGAR,1
413723,AHILYANAGAR,1
413724,AHILYANAGAR,1
413725,AHILYANAGAR,2
413728,AHILYANAGAR,2
413736,AHILYANAGAR,3
413737,AHILYANAGAR,1
413739,AHILYANAGAR,1
414001,AHILYANAGAR,25
414002,AHILYANAGAR,7
414003,AHILYANAGAR,12
414005,AHILYANAGAR,5
414006,AHILYANAGAR,3
414101,AHILYANAGAR,1
414102,AHILYANAGAR,7
414103,AHILYANAGAR,3
414105,AHILYANAGAR,5
414106,AHILYANAGAR,2
414110,AHILYANAGAR,1
414111,AHILYANAGAR,7
414113,AHILYANAGAR,1
414201,AHILYANAGAR,2
414301,AHILYANAGAR,5
414302,AHILYANAGAR,7
414303,AHILYANAGAR,1
414304,AHILYANAGAR,2
414305,AHILYANAGAR,1
414306,AHILYANAGAR,3
414401,AHILYANAGAR,4
414402,AHILYANAGAR,8
414403,AHILYANAGAR,5
414404,AHILYANAGAR,1
414501,AHILYANAGAR,3
414502,AHILYANAGAR,8
414503,AHILYANAGAR,2
414505,AHILYANAGAR,2
414601,AHILYANAGAR,2
414602,AHILYANAGAR,1
414603,AHILYANAGAR,6
414604,AHILYANAGAR,2
414606,AHILYANAGAR,1
414607,AHILYANAGAR,1
414701,AHILYANAGAR,4
415426,AHILYANAGAR,1
422601,AHILYANAGAR,7
422602,AHILYANAGAR,2
422604,AHILYANAGAR,3
422605,AHILYANAGAR,22
422609,AHILYANAGAR,1
422610,AHILYANAGAR,2
422611,AHILYANAGAR,1
422618,AHILYANAGAR,1
422619,AHILYANAGAR,1
422620,AHILYANAGAR,1
423107,AHILYANAGAR,7
423109,AHILYANAGAR,11
423601,AHILYANAGAR,10
423602,AHILYANAGAR,1
423603,AHILYANAGAR,2
423605,AHILYANAGAR,1
423607,AHILYANAGAR,1
440107,AKOLA,1
444001,AKOLA,28
444002,AKOLA,2
444004,AKOLA,3
444005,AKOLA,6
444006,AKOLA,1
444055,AKOLA,1
444100,AKOLA,1
444101,AKOLA,11
444102,AKOLA,4
444103,AKOLA,2
444104,AKOLA,2
444106,AKOLA,2
444107,AKOLA,8
444108,AKOLA,6
444109,AKOLA,1
444111,AKOLA,1
444115,AKOLA,1
444117,AKOLA,2
444123,AKOLA,1
444125,AKOLA,1
444126,AKOLA,1
444302,AKOLA,4
444311,AKOLA,2
444401,AKOLA,4
444405,AKOLA,1
444407,AKOLA,1
444501,AKOLA,5
444502,AKOLA,2
440601,AMRAVATI,1
444003,AMRAVATI,2
444601,AMRAVATI,24
444602,AMRAVATI,10
444603,AMRAVATI,7
444604,AMRAVATI,2
444605,AMRAVATI,4
444606,AMRAVATI,7
444607,AMRAVATI,4
444701,AMRAVATI,7
444702,AMRAVATI,6
444704,AMRAVATI,3
444705,AMRAVATI,9
444706,AMRAVATI,2
444707,AMRAVATI,2
444708,AMRAVATI,6
444709,AMRAVATI,7
444710,AMRAVATI,1
444711,AMRAVATI,1
444713,AMRAVATI,1
444716,AMRAVATI,1
444717,AMRAVATI,2
444719,AMRAVATI,1
444720,AMRAVATI,2
444721,AMRAVATI,1
444723,AMRAVATI,2
444724,AMRAVATI,1
444727,AMRAVATI,1
444801,AMRAVATI,5
444802,AMRAVATI,2
444803,AMRAVATI,8
444804,AMRAVATI,2
444805,AMRAVATI,10
444806,AMRAVATI,5
444807,AMRAVATI,3
444808,AMRAVATI,3
444809,AMRAVATI,2
444810,AMRAVATI,2
444812,AMRAVATI,1
444813,AMRAVATI,2
444815,AMRAVATI,1
444818,AMRAVATI,1
444819,AMRAVATI,1
444900,AMRAVATI,1
444901,AMRAVATI,4
444902,AMRAVATI,4
444903,AMRAVATI,5
444904,AMRAVATI,8
444905,AMRAVATI,6
444906,AMRAVATI,10
444907,AMRAVATI,2
444908,AMRAVATI,1
444909,AMRAVATI,1
444912,AMRAVATI,1
444913,AMRAVATI,2
444914,AMRAVATI,1
411804,BHANDARA,1
414904,BHANDARA,1
441802,BHANDARA,10
441803,BHANDARA,2
441804,BHANDARA,3
441809,BHANDARA,3
441903,BHANDARA,2
441904,BHANDARA,17
441905,BHANDARA,6
441906,BHANDARA,5
441907,BHANDARA,3
441908,BHANDARA,1
441909,BHANDARA,3
441910,BHANDARA,5
441912,BHANDARA,11
441914,BHANDARA,2
441915,BHANDARA,1
441924,BHANDARA,1
441927,BHANDARA,1
413249,BID,1
414202,BID,3
414203,BID,4
414204,BID,2
431122,BID,29
431123,BID,3
431124,BID,2
431125,BID,2
431126,BID,2
431127,BID,6
431129,BID,1
431130,BID,2
431131,BID,8
431143,BID,2
431207,BID,2
431515,BID,3
431517,BID,9
431518,BID,1
431519,BID,1
431520,BID,1
431530,BID,1
443001,BULDHANA,21
443101,BULDHANA,10
443102,BULDHANA,3
443103,BULDHANA,2
443104,BULDHANA,1
443106,BULDHANA,1
443107,BULDHANA,1
443201,BULDHANA,14
443202,BULDHANA,3
443203,BULDHANA,3
443204,BULDHANA,5
443206,BULDHANA,2
443209,BULDHANA,1
443301,BULDHANA,11
443302,BULDHANA,3
443303,BULDHANA,1
443304,BULDHANA,1
443307,BULDHANA,1
443308,BULDHANA,1
443401,BULDHANA,2
443402,BULDHANA,5
443403,BULDHANA,1
443404,BULDHANA,4
443405,BULDHANA,1
444201,BULDHANA,2
444202,BULDHANA,1
444203,BULDHANA,8
444204,BULDHANA,1
444301,BULDHANA,1
444303,BULDHANA,17
444304,BULDHANA,1
444306,BULDHANA,1
444307,BULDHANA,1
444308,BULDHANA,1
444312,BULDHANA,1
414212,CHANDRAPUR,1
420905,CHANDRAPUR,1
441205,CHANDRAPUR,5
441206,CHANDRAPUR,15
441215,CHANDRAPUR,1
441221,CHANDRAPUR,3
441222,CHANDRAPUR,2
441223,CHANDRAPUR,1
441224,CHANDRAPUR,4
441225,CHANDRAPUR,3
441226,CHANDRAPUR,2
442401,CHANDRAPUR,21
442402,CHANDRAPUR,9
442403,CHANDRAPUR,2
442404,CHANDRAPUR,3
442406,CHANDRAPUR,4
442501,CHANDRAPUR,1
442502,CHANDRAPUR,3
442503,CHANDRAPUR,2
442505,CHANDRAPUR,1
442507,CHANDRAPUR,1
442701,CHANDRAPUR,8
442702,CHANDRAPUR,4
442708,CHANDRAPUR,1
442902,CHANDRAPUR,7
442903,CHANDRAPUR,4
442904,CHANDRAPUR,1
442905,CHANDRAPUR,7
442906,CHANDRAPUR,2
442907,CHANDRAPUR,11
442908,CHANDRAPUR,6
442910,CHANDRAPUR,1
442914,CHANDRAPUR,1
442916,CHANDRAPUR,1
442917,CHANDRAPUR,1
442918,CHANDRAPUR,1
146001,CHHATRAPATI SAMBHAJINAGAR,1
423701,CHHATRAPATI SAMBHAJINAGAR,4
423702,CHHATRAPATI SAMBHAJINAGAR,3
423703,CHHATRAPATI SAMBHAJINAGAR,1
431001,CHHATRAPATI SAMBHAJINAGAR,40
431002,CHHATRAPATI SAMBHAJINAGAR,5
431003,CHHATRAPATI SAMBHAJINAGAR,18
431004,CHHATRAPATI SAMBHAJINAGAR,1
431005,CHHATRAPATI SAMBHAJINAGAR,25
431006,CHHATRAPATI SAMBHAJINAGAR,1
431007,CHHATRAPATI SAMBHAJINAGAR,6
431008,CHHATRAPATI SAMBHAJINAGAR,2
431009,CHHATRAPATI SAMBHAJINAGAR,1
431028,CHHATRAPATI SAMBHAJINAGAR,1
431101,CHHATRAPATI SAMBHAJINAGAR,3
431102,CHHATRAPATI SAMBHAJINAGAR,3
431103,CHHATRAPATI SAMBHAJINAGAR,5
431104,CHHATRAPATI SAMBHAJINAGAR,2
431105,CHHATRAPATI SAMBHAJINAGAR,10
431107,CHHATRAPATI SAMBHAJINAGAR,4
431109,CHHATRAPATI SAMBHAJINAGAR,4
431110,CHHATRAPATI SAMBHAJINAGAR,1
431111,CHHATRAPATI SAMBHAJINAGAR,4
431112,CHHATRAPATI SAMBHAJINAGAR,9
431113,CHHATRAPATI SAMBHAJINAGAR,2
431115,CHHATRAPATI SAMBHAJINAGAR,2
431116,CHHATRAPATI SAMBHAJINAGAR,4
431117,CHHATRAPATI SAMBHAJINAGAR,1
431118,CHHATRAPATI SAMBHAJINAGAR,1
431120,CHHATRAPATI SAMBHAJINAGAR,1
431121,CHHATRAPATI SAMBHAJINAGAR,6
431133,CHHATRAPATI SAMBHAJINAGAR,4
431134,CHHATRAPATI SAMBHAJINAGAR,1
431136,CHHATRAPATI SAMBHAJINAGAR,10
431137,CHHATRAPATI SAMBHAJINAGAR,3
431139,CHHATRAPATI SAMBHAJINAGAR,1
431147,CHHATRAPATI SAMBHAJINAGAR,2
431148,CHHATRAPATI SAMBHAJINAGAR,1
431150,CHHATRAPATI SAMBHAJINAGAR,2
431154,CHHATRAPATI SAMBHAJINAGAR,2
431201,CHHATRAPATI SAMBHAJINAGAR,3
431210,CHHATRAPATI SAMBHAJINAGAR,1
413405,DHARASHIV,2
413407,DHARASHIV,1
413501,DHARASHIV,16
413502,DHARASHIV,3
413503,DHARASHIV,1
413504,DHARASHIV,1
413505,DHARASHIV,1
413507,DHARASHIV,7
413508,DHARASHIV,1
413509,DHARASHIV,1
413525,DHARASHIV,1
413526,DHARASHIV,1
413534,DHARASHIV,1
413570,DHARASHIV,1
413601,DHARASHIV,7
413602,DHARASHIV,1
413603,DHARASHIV,1
413604,DHARASHIV,5
413605,DHARASHIV,2
413606,DHARASHIV,6
413608,DHARASHIV,2
243309,DHULE,1
424001,DHULE,17
424002,DHULE,8
424005,DHULE,3
424006,DHULE,2
424301,DHULE,1
424302,DHULE,3
424303,DHULE,1
424304,DHULE,7
424305,DHULE,3
424306,DHULE,4
424307,DHULE,1
424308,DHULE,1
424310,DHULE,1
424311,DHULE,2
424313,DHULE,1
424314,DHULE,1
424315,DHULE,1
424318,DHULE,2
425403,DHULE,2
425404,DHULE,2
425405,DHULE,15
425406,DHULE,4
425407,DHULE,1
425408,DHULE,8
425421,DHULE,2
425427,DHULE,1
425428,DHULE,1
425448,DHULE,1
441207,GADCHIROLI,6
441208,GADCHIROLI,3
441209,GADCHIROLI,3
441217,GADCHIROLI,1
442407,GADCHIROLI,1
442504,GADCHIROLI,1
442603,GADCHIROLI,3
442604,GADCHIROLI,1
442605,GADCHIROLI,14
442606,GADCHIROLI,3
442703,GADCHIROLI,4
442704,GADCHIROLI,1
442705,GADCHIROLI,3
442707,GADCHIROLI,3
442709,GADCHIROLI,1
441601,GONDIA,15
441602,GONDIA,1
441604,GONDIA,1
441606,GONDIA,1
441614,GONDIA,9
441701,GONDIA,4
441702,GONDIA,2
441801,GONDIA,2
441806,GONDIA,2
441807,GONDIA,5
441816,GONDIA,1
441901,GONDIA,4
441902,GONDIA,6
441911,GONDIA,9
441916,GONDIA,1
444614,GONDIA,1
431512,HINGOLI,10
431513,HINGOLI,15
431542,HINGOLI,2
431701,HINGOLI,4
431702,HINGOLI,2
431703,HINGOLI,1
431705,HINGOLI,4
406122,JALGAON,1
424016,JALGAON,1
424101,JALGAON,11
424103,JALGAON,1
424104,JALGAON,1
424105,JALGAON,3
424106,JALGAON,1
424112,JALGAON,1
424116,JALGAON,2
424125,JALGAON,1
424126,JALGAON,1
424201,JALGAON,9
424202,JALGAON,2
424203,JALGAON,1
424204,JALGAON,3
424205,JALGAON,2
424206,JALGAON,7
424208,JALGAON,1
425001,JALGAON,30
425002,JALGAON,9
425003,JALGAON,2
425101,JALGAON,1
425103,JALGAON,4
425104,JALGAON,1
425105,JALGAON,4
425106,JALGAON,1
425107,JALGAON,9
425109,JALGAON,3
425110,JALGAON,1
425111,JALGAON,4
425112,JALGAON,3
425113,JALGAON,1
425114,JALGAON,2
425115,JALGAON,2
425116,JALGAON,3
425120,JALGAON,1
425129,JALGAON,1
425132,JALGAON,1
425201,JALGAON,14
425203,JALGAON,2
425209,JALGAON,1
425301,JALGAON,5
425303,JALGAON,1
425304,JALGAON,1
425305,JALGAON,5
425306,JALGAON,5
425307,JALGAON,1
425308,JALGAON,1
425309,JALGAON,2
425310,JALGAON,4
425318,JALGAON,1
425401,JALGAON,8
425402,JALGAON,2
425420,JALGAON,1
425434,JALGAON,1
425455,JALGAON,1
425459,JALGAON,1
425501,JALGAON,1
425502,JALGAON,5
425503,JALGAON,3
425504,JALGAON,1
425505,JALGAON,1
425506,JALGAON,2
425507,JALGAON,1
425508,JALGAON,7
425511,JALGAON,1
431114,JALNA,5
431132,JALNA,3
431202,JALNA,4
431203,JALNA,25
431204,JALNA,4
431205,JALNA,2
431206,JALNA,4
431208,JALNA,2
431209,JALNA,2
431211,JALNA,3
431212,JALNA,2
431215,JALNA,1
431501,JALNA,4
431504,JALNA,3
431507,JALNA,1
081052,KOLHAPUR,1
415101,KOLHAPUR,3
415402,KOLHAPUR,1
416001,KOLHAPUR,17
416002,KOLHAPUR,10
416003,KOLHAPUR,5
416004,KOLHAPUR,2
416005,KOLHAPUR,6
416006,KOLHAPUR,2
416007,KOLHAPUR,2
416008,KOLHAPUR,14
416010,KOLHAPUR,1
416011,KOLHAPUR,3
416012,KOLHAPUR,8
416013,KOLHAPUR,2
416101,KOLHAPUR,7
416102,KOLHAPUR,1
416103,KOLHAPUR,2
416104,KOLHAPUR,1
416106,KOLHAPUR,2
416107,KOLHAPUR,1
416109,KOLHAPUR,4
416112,KOLHAPUR,8
416113,KOLHAPUR,1
416114,KOLHAPUR,4
416115,KOLHAPUR,14
416116,KOLHAPUR,1
416118,KOLHAPUR,3
416119,KOLHAPUR,3
416121,KOLHAPUR,3
416122,KOLHAPUR,6
416139,KOLHAPUR,1
416143,KOLHAPUR,1
416144,KOLHAPUR,1
416201,KOLHAPUR,1
416202,KOLHAPUR,1
416203,KOLHAPUR,6
416204,KOLHAPUR,1
416205,KOLHAPUR,3
416206,KOLHAPUR,2
416207,KOLHAPUR,1
416208,KOLHAPUR,3
416209,KOLHAPUR,7
416210,KOLHAPUR,2
416211,KOLHAPUR,4
416212,KOLHAPUR,3
416213,KOLHAPUR,1
416214,KOLHAPUR,1
416215,KOLHAPUR,1
416216,KOLHAPUR,6
416218,KOLHAPUR,1
416219,KOLHAPUR,3
416220,KOLHAPUR,1
416221,KOLHAPUR,2
416224,KOLHAPUR,1
416228,KOLHAPUR,1
416229,KOLHAPUR,5
416232,KOLHAPUR,1
416234,KOLHAPUR,2
416236,KOLHAPUR,1
416502,KOLHAPUR,8
416503,KOLHAPUR,3
416504,KOLHAPUR,2
416505,KOLHAPUR,3
416507,KOLHAPUR,4
416508,KOLHAPUR,4
416509,KOLHAPUR,3
416551,KOLHAPUR,1
416552,KOLHAPUR,1
412529,LATUR,1
413510,LATUR,1
413511,LATUR,4
413512,LATUR,33
413513,LATUR,3
413514,LATUR,1
413515,LATUR,4
413516,LATUR,4
413517,LATUR,14
413519,LATUR,3
413520,LATUR,5
413521,LATUR,4
413522,LATUR,1
413523,LATUR,1
413524,LATUR,1
413527,LATUR,3
413529,LATUR,1
413530,LATUR,1
413531,LATUR,8
413532,LATUR,1
413544,LATUR,3
413545,LATUR,1
413607,LATUR,2
431522,LATUR,1
431527,LATUR,1
400001,MUMBAI,47
400002,MUMBAI,25
400003,MUMBAI,23
400004,MUMBAI,24
400005,MUMBAI,27
400006,MUMBAI,13
400007,MUMBAI,16
400008,MUMBAI,11
400009,MUMBAI,7
400010,MUMBAI,14
400011,MUMBAI,8
400012,MUMBAI,17
400013,MUMBAI,9
400014,MUMBAI,11
400015,MUMBAI,6
400016,MUMBAI,18
400017,MUMBAI,7
400018,MUMBAI,13
400019,MUMBAI,18
400020,MUMBAI,12
400021,MUMBAI,31
400022,MUMBAI,21
400023,MUMBAI,21
400025,MUMBAI,20
400026,MUMBAI,14
400027,MUMBAI,4
400028,MUMBAI,24
400030,MUMBAI,3
400031,MUMBAI,11
400032,MUMBAI,1
400033,MUMBAI,1
400034,MUMBAI,3
400035,MUMBAI,1
400036,MUMBAI,7
400037,MUMBAI,7
400039,MUMBAI,1
600014,MUMBAI,1
400024,MUMBAI SUBURBAN,3
400029,MUMBAI SUBURBAN,6
400042,MUMBAI SUBURBAN,4
400049,MUMBAI SUBURBAN,14
400050,MUMBAI SUBURBAN,24
400051,MUMBAI SUBURBAN,38
400052,MUMBAI SUBURBAN,16
400053,MUMBAI SUBURBAN,19
400054,MUMBAI SUBURBAN,18
400055,MUMBAI SUBURBAN,9
400056,MUMBAI SUBURBAN,15
400057,MUMBAI SUBURBAN,17
400058,MUMBAI SUBURBAN,26
400059,MUMBAI SUBURBAN,13
400060,MUMBAI SUBURBAN,6
400061,MUMBAI SUBURBAN,9
400062,MUMBAI SUBURBAN,14
400063,MUMBAI SUBURBAN,16
400064,MUMBAI SUBURBAN,34
400066,MUMBAI SUBURBAN,19
400067,MUMBAI SUBURBAN,34
400068,MUMBAI SUBURBAN,25
400069,MUMBAI SUBURBAN,11
400070,MUMBAI SUBURBAN,12
400071,MUMBAI SUBURBAN,25
400072,MUMBAI SUBURBAN,13
400074,MUMBAI SUBURBAN,7
400075,MUMBAI SUBURBAN,3
400076,MUMBAI SUBURBAN,14
400077,MUMBAI SUBURBAN,16
400078,MUMBAI SUBURBAN,20
400079,MUMBAI SUBURBAN,3
400080,MUMBAI SUBURBAN,26
400081,MUMBAI SUBURBAN,14
400082,MUMBAI SUBURBAN,2
400083,MUMBAI SUBURBAN,9
400085,MUMBAI SUBURBAN,1
400086,MUMBAI SUBURBAN,24
400087,MUMBAI SUBURBAN,2
400088,MUMBAI SUBURBAN,7
400089,MUMBAI SUBURBAN,7
400090,MUMBAI SUBURBAN,2
400091,MUMBAI SUBURBAN,6
400092,MUMBAI SUBURBAN,31
400093,MUMBAI SUBURBAN,13
400094,MUMBAI SUBURBAN,3
400095,MUMBAI SUBURBAN,6
400096,MUMBAI SUBURBAN,7
400097,MUMBAI SUBURBAN,13
400098,MUMBAI SUBURBAN,3
400099,MUMBAI SUBURBAN,6
400101,MUMBAI SUBURBAN,27
400102,MUMBAI SUBURBAN,13
400103,MUMBAI SUBURBAN,6
400104,MUMBAI SUBURBAN,9
411115,NAGPUR,1
440001,NAGPUR,35
440002,NAGPUR,19
440004,NAGPUR,2
440006,NAGPUR,2
440007,NAGPUR,1
440008,NAGPUR,19
440009,NAGPUR,15
440010,NAGPUR,30
440011,NAGPUR,1
440012,NAGPUR,11
440013,NAGPUR,12
440014,NAGPUR,9
440015,NAGPUR,21
440016,NAGPUR,4
440017,NAGPUR,6
440018,NAGPUR,10
440019,NAGPUR,1
440020,NAGPUR,1
440021,NAGPUR,2
440022,NAGPUR,18
440023,NAGPUR,14
440024,NAGPUR,12
440025,NAGPUR,10
440026,NAGPUR,3
440027,NAGPUR,7
440028,NAGPUR,2
440030,NAGPUR,4
440032,NAGPUR,6
440033,NAGPUR,5
440034,NAGPUR,14
440035,NAGPUR,2
440037,NAGPUR,4
441001,NAGPUR,7
441002,NAGPUR,2
441101,NAGPUR,2
441102,NAGPUR,4
441103,NAGPUR,3
441104,NAGPUR,8
441105,NAGPUR,5
441106,NAGPUR,13
441107,NAGPUR,12
441108,NAGPUR,19
441109,NAGPUR,1
441110,NAGPUR,9
441111,NAGPUR,6
441112,NAGPUR,1
441113,NAGPUR,2
441117,NAGPUR,1
441118,NAGPUR,1
441121,NAGPUR,1
441122,NAGPUR,3
441201,NAGPUR,2
441202,NAGPUR,5
441203,NAGPUR,15
441204,NAGPUR,1
441210,NAGPUR,4
441214,NAGPUR,1
441301,NAGPUR,2
441302,NAGPUR,12
441303,NAGPUR,2
441304,NAGPUR,5
441305,NAGPUR,3
441306,NAGPUR,2
441401,NAGPUR,6
441404,NAGPUR,4
441405,NAGPUR,1
441408,NAGPUR,1
441409,NAGPUR,1
441501,NAGPUR,12
441502,NAGPUR,4
442110,NAGPUR,1
500002,NAGPUR,1
252454,NANDED,1
413713,NANDED,1
421731,NANDED,1
431601,NANDED,19
431602,NANDED,9
431603,NANDED,6
431604,NANDED,2
431605,NANDED,13
431606,NANDED,3
431704,NANDED,2
431707,NANDED,1
431708,NANDED,7
431709,NANDED,4
431710,NANDED,2
431711,NANDED,2
431712,NANDED,1
431714,NANDED,2
431715,NANDED,4
431717,NANDED,4
431718,NANDED,3
431719,NANDED,1
431731,NANDED,1
431736,NANDED,1
431745,NANDED,2
431750,NANDED,1
431801,NANDED,7
431802,NANDED,2
431803,NANDED,1
431804,NANDED,2
431805,NANDED,2
431806,NANDED,4
431807,NANDED,2
431808,NANDED,1
431809,NANDED,3
431811,NANDED,2
425409,NANDURBAR,11
425411,NANDURBAR,2
425412,NANDURBAR,19
425413,NANDURBAR,6
425414,NANDURBAR,7
425415,NANDURBAR,1
425416,NANDURBAR,2
425417,NANDURBAR,1
425418,NANDURBAR,5
425419,NANDURBAR,2
425422,NANDURBAR,2
425423,NANDURBAR,1
425425,NANDURBAR,1
425426,NANDURBAR,1
425442,NANDURBAR,1
425444,NANDURBAR,3
425452,NANDURBAR,1
426410,NANDURBAR,1
400202,NASIK,1
422001,NASIK,18
422002,NASIK,14
422003,NASIK,17
422004,NASIK,6
422005,NASIK,7
422006,NASIK,5
422007,NASIK,15
422008,NASIK,4
422009,NASIK,19
422010,NASIK,8
422011,NASIK,6
422012,NASIK,1
422013,NASIK,9
422101,NASIK,15
422102,NASIK,4
422103,NASIK,13
422104,NASIK,2
422105,NASIK,1
422106,NASIK,1
422109,NASIK,2
422112,NASIK,1
422201,NASIK,1
422202,NASIK,11
422203,NASIK,2
422204,NASIK,2
422205,NASIK,3
422206,NASIK,7
422207,NASIK,4
422208,NASIK,5
422209,NASIK,10
422210,NASIK,2
422211,NASIK,4
422212,NASIK,6
422213,NASIK,3
422215,NASIK,3
422222,NASIK,3
422301,NASIK,1
422302,NASIK,2
422303,NASIK,9
422305,NASIK,3
422306,NASIK,7
422308,NASIK,1
422401,NASIK,5
422402,NASIK,3
422403,NASIK,10
422501,NASIK,1
422502,NASIK,4
422606,NASIK,1
423012,NASIK,1
423101,NASIK,3
423102,NASIK,3
423104,NASIK,7
423105,NASIK,2
423106,NASIK,7
423108,NASIK,2
423110,NASIK,2
423111,NASIK,2
423117,NASIK,3
423201,NASIK,2
423203,NASIK,14
423204,NASIK,5
423205,NASIK,2
423206,NASIK,2
423208,NASIK,2
423212,NASIK,1
423213,NASIK,2
423301,NASIK,15
423302,NASIK,2
423303,NASIK,1
423305,NASIK,1
423401,NASIK,8
423402,NASIK,2
423403,NASIK,2
423501,NASIK,8
423502,NASIK,5
424109,NASIK,1
401102,PALGHAR,6
401103,PALGHAR,2
401201,PALGHAR,8
401202,PALGHAR,18
401203,PALGHAR,6
401205,PALGHAR,1
401207,PALGHAR,1
401208,PALGHAR,18
401209,PALGHAR,8
401299,PALGHAR,1
401301,PALGHAR,3
401302,PALGHAR,1
401303,PALGHAR,21
401304,PALGHAR,1
401305,PALGHAR,6
401402,PALGHAR,1
401403,PALGHAR,2
401404,PALGHAR,15
401405,PALGHAR,1
401501,PALGHAR,13
401503,PALGHAR,3
401504,PALGHAR,2
401506,PALGHAR,1
401601,PALGHAR,2
401602,PALGHAR,13
401603,PALGHAR,4
401604,PALGHAR,4
401605,PALGHAR,2
401606,PALGHAR,8
401607,PALGHAR,1
401701,PALGHAR,1
401702,PALGHAR,1
401703,PALGHAR,1
421303,PALGHAR,8
421312,PALGHAR,4
431401,PARBHANI,25
431402,PARBHANI,1
431503,PARBHANI,5
431505,PARBHANI,4
431506,PARBHANI,3
431508,PARBHANI,1
431509,PARBHANI,3
431511,PARBHANI,3
431514,PARBHANI,6
431516,PARBHANI,1
431521,PARBHANI,1
431540,PARBHANI,2
431720,PARBHANI,1
144026,PUNE,1
401016,PUNE,1
410004,PUNE,1
410401,PUNE,9
410402,PUNE,2
410405,PUNE,3
410406,PUNE,1
410501,PUNE,19
410502,PUNE,6
410503,PUNE,7
410504,PUNE,9
410505,PUNE,11
410506,PUNE,5
410507,PUNE,7
410508,PUNE,1
410510,PUNE,2
410511,PUNE,1
410512,PUNE,1
410515,PUNE,2
410516,PUNE,1
411001,PUNE,44
411002,PUNE,22
411003,PUNE,12
411004,PUNE,30
411005,PUNE,23
411006,PUNE,11
411007,PUNE,15
411008,PUNE,3
411009,PUNE,11
411010,PUNE,1
411011,PUNE,10
411012,PUNE,1
411013,PUNE,5
411014,PUNE,31
411015,PUNE,10
411016,PUNE,9
411017,PUNE,3
411018,PUNE,15
411019,PUNE,8
411020,PUNE,2
411021,PUNE,12
411023,PUNE,3
411024,PUNE,2
411025,PUNE,1
411026,PUNE,5
411027,PUNE,16
411028,PUNE,23
411029,PUNE,10
411030,PUNE,28
411031,PUNE,2
411032,PUNE,3
411033,PUNE,16
411034,PUNE,4
411035,PUNE,7
411036,PUNE,6
411037,PUNE,22
411038,PUNE,13
411039,PUNE,5
411040,PUNE,8
411041,PUNE,18
411042,PUNE,14
411043,PUNE,5
411044,PUNE,9
411045,PUNE,22
411046,PUNE,7
411047,PUNE,5
411048,PUNE,15
411051,PUNE,6
411052,PUNE,7
411057,PUNE,20
411058,PUNE,6
411060,PUNE,4
411061,PUNE,5
411062,PUNE,2
411067,PUNE,1
411311,PUNE,1
411501,PUNE,2
412003,PUNE,1
412101,PUNE,8
412102,PUNE,1
412103,PUNE,2
412104,PUNE,3
412105,PUNE,12
412106,PUNE,3
412107,PUNE,3
412108,PUNE,5
412109,PUNE,3
412110,PUNE,3
412115,PUNE,1
412201,PUNE,5
412202,PUNE,6
412203,PUNE,6
412204,PUNE,1
412205,PUNE,3
412206,PUNE,6
412207,PUNE,13
412208,PUNE,6
412209,PUNE,5
412210,PUNE,9
412211,PUNE,3
412212,PUNE,1
412213,PUNE,2
412214,PUNE,2
412215,PUNE,1
412216,PUNE,2
412217,PUNE,1
412218,PUNE,3
412219,PUNE,2
412220,PUNE,3
412300,PUNE,1
412301,PUNE,7
412303,PUNE,3
412304,PUNE,1
412305,PUNE,1
412306,PUNE,3
412307,PUNE,4
412308,PUNE,3
412312,PUNE,1
412401,PUNE,1
412402,PUNE,2
412403,PUNE,2
412404,PUNE,1
412405,PUNE,1
412406,PUNE,1
412408,PUNE,1
412409,PUNE,4
412410,PUNE,3
412411,PUNE,6
412412,PUNE,2
413012,PUNE,1
413102,PUNE,20
413103,PUNE,3
413104,PUNE,3
413105,PUNE,4
413106,PUNE,7
413110,PUNE,1
413114,PUNE,4
413115,PUNE,1
413119,PUNE,1
413120,PUNE,1
413130,PUNE,3
413133,PUNE,3
413801,PUNE,6
413802,PUNE,2
000702,RAIGAD,1
400218,RAIGAD,1
400702,RAIGAD,11
400704,RAIGAD,2
400707,RAIGAD,5
402101,RAIGAD,2
402103,RAIGAD,4
402104,RAIGAD,5
402105,RAIGAD,4
402106,RAIGAD,4
402107,RAIGAD,24
402108,RAIGAD,4
402109,RAIGAD,5
402110,RAIGAD,6
402111,RAIGAD,2
402112,RAIGAD,2
402114,RAIGAD,1
402115,RAIGAD,1
402116,RAIGAD,3
402117,RAIGAD,2
402120,RAIGAD,2
402122,RAIGAD,1
402201,RAIGAD,11
402202,RAIGAD,4
402203,RAIGAD,4
402204,RAIGAD,2
402207,RAIGAD,2
402208,RAIGAD,1
402209,RAIGAD,4
402301,RAIGAD,7
402303,RAIGAD,6
402304,RAIGAD,4
402305,RAIGAD,1
402307,RAIGAD,1
402308,RAIGAD,1
402309,RAIGAD,1
402401,RAIGAD,4
402402,RAIGAD,2
402403,RAIGAD,2
402404,RAIGAD,1
402406,RAIGAD,1
410101,RAIGAD,6
410102,RAIGAD,1
410201,RAIGAD,12
410202,RAIGAD,2
410203,RAIGAD,13
410205,RAIGAD,5
410206,RAIGAD,63
410207,RAIGAD,4
410208,RAIGAD,12
410209,RAIGAD,8
410210,RAIGAD,33
410218,RAIGAD,11
410220,RAIGAD,1
410221,RAIGAD,5
410222,RAIGAD,1
420304,RAIGAD,1
145214,RATNAGIRI,1
415202,RATNAGIRI,1
415203,RATNAGIRI,3
415204,RATNAGIRI,1
415208,RATNAGIRI,1
415416,RATNAGIRI,1
415601,RATNAGIRI,1
415602,RATNAGIRI,2
415603,RATNAGIRI,1
415604,RATNAGIRI,3
415605,RATNAGIRI,12
415606,RATNAGIRI,3
415608,RATNAGIRI,2
415610,RATNAGIRI,1
415611,RATNAGIRI,4
415612,RATNAGIRI,18
415613,RATNAGIRI,3
415614,RATNAGIRI,2
415615,RATNAGIRI,2
415616,RATNAGIRI,2
415617,RATNAGIRI,1
415618,RATNAGIRI,1
415619,RATNAGIRI,1
415620,RATNAGIRI,3
415621,RATNAGIRI,1
415628,RATNAGIRI,1
415634,RATNAGIRI,1
415636,RATNAGIRI,1
415639,RATNAGIRI,9
415640,RATNAGIRI,1
415641,RATNAGIRI,2
415701,RATNAGIRI,4
415702,RATNAGIRI,2
415703,RATNAGIRI,2
415704,RATNAGIRI,2
415706,RATNAGIRI,3
415708,RATNAGIRI,1
415709,RATNAGIRI,6
415710,RATNAGIRI,2
415711,RATNAGIRI,1
415712,RATNAGIRI,8
415713,RATNAGIRI,1
415714,RATNAGIRI,1
415716,RATNAGIRI,1
415717,RATNAGIRI,1
415718,RATNAGIRI,1
415720,RATNAGIRI,1
415722,RATNAGIRI,1
415724,RATNAGIRI,4
415726,RATNAGIRI,1
415727,RATNAGIRI,1
415728,RATNAGIRI,1
415801,RATNAGIRI,1
415803,RATNAGIRI,3
415804,RATNAGIRI,3
415805,RATNAGIRI,1
415806,RATNAGIRI,2
416701,RATNAGIRI,6
416702,RATNAGIRI,7
416705,RATNAGIRI,1
416707,RATNAGIRI,1
416713,RATNAGIRI,1
515439,RATNAGIRI,1
413311,SANGLI,1
415301,SANGLI,5
415302,SANGLI,1
415303,SANGLI,1
415304,SANGLI,4
415305,SANGLI,1
415307,SANGLI,1
415308,SANGLI,2
415310,SANGLI,2
415311,SANGLI,6
415313,SANGLI,1
415404,SANGLI,3
415405,SANGLI,4
415406,SANGLI,1
415407,SANGLI,1
415408,SANGLI,3
415409,SANGLI,6
415410,SANGLI,1
415411,SANGLI,1
415412,SANGLI,2
415413,SANGLI,1
415418,SANGLI,1
416301,SANGLI,5
416303,SANGLI,2
416304,SANGLI,2
416305,SANGLI,1
416306,SANGLI,1
416307,SANGLI,1
416308,SANGLI,1
416309,SANGLI,1
416310,SANGLI,5
416312,SANGLI,10
416313,SANGLI,2
416317,SANGLI,1
416319,SANGLI,1
416321,SANGLI,1
416401,SANGLI,1
416402,SANGLI,2
416403,SANGLI,3
416404,SANGLI,7
416405,SANGLI,3
416406,SANGLI,2
416407,SANGLI,1
416409,SANGLI,1
416410,SANGLI,14
416411,SANGLI,1
416412,SANGLI,5
416413,SANGLI,4
416414,SANGLI,1
416415,SANGLI,4
416416,SANGLI,29
416417,SANGLI,1
416419,SANGLI,1
416420,SANGLI,1
416423,SANGLI,1
416428,SANGLI,1
416436,SANGLI,2
412801,SATARA,9
412802,SATARA,5
412803,SATARA,5
412804,SATARA,1
412805,SATARA,3
412806,SATARA,3
415001,SATARA,17
415002,SATARA,12
415003,SATARA,1
415004,SATARA,4
415011,SATARA,1
415012,SATARA,1
415013,SATARA,1
415014,SATARA,1
415015,SATARA,3
415017,SATARA,1
415019,SATARA,1
415021,SATARA,1
415102,SATARA,1
415103,SATARA,2
415104,SATARA,1
415105,SATARA,1
415106,SATARA,1
415107,SATARA,1
415109,SATARA,4
415110,SATARA,17
415112,SATARA,3
415114,SATARA,1
415115,SATARA,1
415116,SATARA,2
415118,SATARA,1
415119,SATARA,1
415122,SATARA,1
415124,SATARA,4
415205,SATARA,2
415206,SATARA,2
415212,SATARA,1
415312,SATARA,1
415501,SATARA,6
415502,SATARA,2
415503,SATARA,1
415504,SATARA,1
415505,SATARA,1
415506,SATARA,4
415508,SATARA,8
415509,SATARA,3
415510,SATARA,2
415511,SATARA,2
415512,SATARA,1
415513,SATARA,2
415514,SATARA,1
415515,SATARA,2
415519,SATARA,5
415521,SATARA,4
415522,SATARA,1
415523,SATARA,12
415524,SATARA,2
415525,SATARA,1
415528,SATARA,2
415530,SATARA,1
415538,SATARA,1
415539,SATARA,2
416510,SINDHUDURG,12
416511,SINDHUDURG,3
416512,SINDHUDURG,4
416513,SINDHUDURG,1
416514,SINDHUDURG,1
416516,SINDHUDURG,7
416517,SINDHUDURG,1
416518,SINDHUDURG,3
416519,SINDHUDURG,3
416520,SINDHUDURG,12
416521,SINDHUDURG,1
416522,SINDHUDURG,1
416523,SINDHUDURG,2
416524,SINDHUDURG,1
416525,SINDHUDURG,1
416528,SINDHUDURG,1
416529,SINDHUDURG,1
416534,SINDHUDURG,1
416538,SINDHUDURG,1
416601,SINDHUDURG,3
416602,SINDHUDURG,9
416603,SINDHUDURG,2
416604,SINDHUDURG,1
416605,SINDHUDURG,1
416606,SINDHUDURG,7
416608,SINDHUDURG,1
416609,SINDHUDURG,1
416610,SINDHUDURG,1
416611,SINDHUDURG,2
416612,SINDHUDURG,2
416613,SINDHUDURG,3
416614,SINDHUDURG,2
416615,SINDHUDURG,1
416623,SINDHUDURG,1
416703,SINDHUDURG,2
416801,SINDHUDURG,3
416804,SINDHUDURG,2
416805,SINDHUDURG,1
416806,SINDHUDURG,1
416810,SINDHUDURG,3
416812,SINDHUDURG,5
416813,SINDHUDURG,1
141001,SOLAPUR,1
413001,SOLAPUR,19
413002,SOLAPUR,15
413003,SOLAPUR,11
413004,SOLAPUR,11
413005,SOLAPUR,4
413006,SOLAPUR,2
413007,SOLAPUR,1
413008,SOLAPUR,1
413101,SOLAPUR,9
413107,SOLAPUR,3
413108,SOLAPUR,1
413109,SOLAPUR,5
413112,SOLAPUR,2
413113,SOLAPUR,2
413202,SOLAPUR,4
413203,SOLAPUR,8
413206,SOLAPUR,1
413208,SOLAPUR,6
413209,SOLAPUR,3
413210,SOLAPUR,2
413211,SOLAPUR,8
413212,SOLAPUR,1
413213,SOLAPUR,5
413214,SOLAPUR,2
413215,SOLAPUR,3
413216,SOLAPUR,6
413217,SOLAPUR,1
413218,SOLAPUR,2
413220,SOLAPUR,2
413221,SOLAPUR,5
413222,SOLAPUR,5
413223,SOLAPUR,1
413226,SOLAPUR,2
413227,SOLAPUR,1
413228,SOLAPUR,2
413229,SOLAPUR,1
413235,SOLAPUR,1
413245,SOLAPUR,1
413248,SOLAPUR,2
413251,SOLAPUR,1
413252,SOLAPUR,1
413253,SOLAPUR,1
413255,SOLAPUR,2
413301,SOLAPUR,3
413302,SOLAPUR,1
413303,SOLAPUR,1
413304,SOLAPUR,17
413305,SOLAPUR,7
413306,SOLAPUR,4
413307,SOLAPUR,7
413309,SOLAPUR,3
413310,SOLAPUR,1
413314,SOLAPUR,1
413317,SOLAPUR,1
413318,SOLAPUR,1
413319,SOLAPUR,1
413322,SOLAPUR,2
413401,SOLAPUR,6
413402,SOLAPUR,2
413403,SOLAPUR,1
413404,SOLAPUR,2
413406,SOLAPUR,1
413409,SOLAPUR,1
413411,SOLAPUR,2
110092,THANE,1
400210,THANE,1
400512,THANE,1
400601,THANE,21
400602,THANE,19
400603,THANE,7
400604,THANE,17
400605,THANE,7
400606,THANE,5
400607,THANE,16
400608,THANE,2
400610,THANE,10
400612,THANE,8
400614,THANE,17
400615,THANE,5
400616,THANE,1
400701,THANE,11
400703,THANE,29
400705,THANE,21
400706,THANE,36
400708,THANE,19
400709,THANE,13
400710,THANE,1
401101,THANE,12
401105,THANE,10
401106,THANE,1
401107,THANE,22
401204,THANE,1
401206,THANE,2
402302,THANE,2
402709,THANE,1
404104,THANE,1
410710,THANE,1
421001,THANE,3
421002,THANE,5
421003,THANE,9
421004,THANE,8
421005,THANE,5
421101,THANE,4
421102,THANE,3
421103,THANE,4
421201,THANE,25
421202,THANE,12
421203,THANE,3
421204,THANE,7
421301,THANE,30
421302,THANE,26
421304,THANE,1
421305,THANE,1
421306,THANE,9
421308,THANE,5
421311,THANE,3
421401,THANE,5
421402,THANE,4
421403,THANE,2
421501,THANE,16
421502,THANE,1
421503,THANE,25
421506,THANE,2
421601,THANE,12
421602,THANE,1
421604,THANE,1
421605,THANE,7
432302,WARDHA,1
440201,WARDHA,1
442001,WARDHA,27
442003,WARDHA,1
442004,WARDHA,1
442005,WARDHA,1
442006,WARDHA,1
442101,WARDHA,7
442102,WARDHA,3
442103,WARDHA,1
442104,WARDHA,4
442105,WARDHA,4
442106,WARDHA,1
442109,WARDHA,2
442111,WARDHA,1
442115,WARDHA,1
442120,WARDHA,1
442201,WARDHA,8
442202,WARDHA,5
442203,WARDHA,5
442204,WARDHA,1
442207,WARDHA,1
442211,WARDHA,1
442213,WARDHA,1
442301,WARDHA,17
442302,WARDHA,4
442304,WARDHA,2
442305,WARDHA,4
442306,WARDHA,3
442307,WARDHA,2
442312,WARDHA,1
442509,WARDHA,1
444105,WASHIM,7
444110,WASHIM,2
444122,WASHIM,1
444402,WASHIM,2
444403,WASHIM,5
444404,WASHIM,3
444406,WASHIM,1
444503,WASHIM,5
444504,WASHIM,3
444505,WASHIM,15
444506,WASHIM,5
444507,WASHIM,2
444510,WASHIM,1
444512,WASHIM,1
445001,YAVATMAL,21
445002,YAVATMAL,1
445004,YAVATMAL,1
445034,YAVATMAL,1
445101,YAVATMAL,4
445102,YAVATMAL,6
445103,YAVATMAL,4
445105,YAVATMAL,2
445106,YAVATMAL,1
445108,YAVATMAL,1
445109,YAVATMAL,3
445110,YAVATMAL,1
445126,YAVATMAL,1
445201,YAVATMAL,1
445202,YAVATMAL,7
445203,YAVATMAL,5
445204,YAVATMAL,9
445205,YAVATMAL,4
445206,YAVATMAL,5
445207,YAVATMAL,2
445208,YAVATMAL,1
445209,YAVATMAL,1
445210,YAVATMAL,1
445211,YAVATMAL,1
445214,YAVATMAL,1
445230,YAVATMAL,1
445301,YAVATMAL,2
445302,YAVATMAL,2
445303,YAVATMAL,2
445304,YAVATMAL,18
445305,YAVATMAL,4
445306,YAVATMAL,1
445307,YAVATMAL,2
445308,YAVATMAL,1
445318,YAVATMAL,1
445319,YAVATMAL,1
445323,YAVATMAL,3
445401,YAVATMAL,5
445402,YAVATMAL,4
